--
-- PostgreSQL database dump
--

-- Dumped from database version 16.4 (Ubuntu 16.4-0ubuntu0.24.04.2)
-- Dumped by pg_dump version 16.4 (Ubuntu 16.4-0ubuntu0.24.04.2)

SET statement_timeout = 0;
SET lock_timeout = 0;
SET idle_in_transaction_session_timeout = 0;
SET client_encoding = 'UTF8';
SET standard_conforming_strings = on;
SELECT pg_catalog.set_config('search_path', '', false);
SET check_function_bodies = false;
SET xmloption = content;
SET client_min_messages = warning;
SET row_security = off;

SET default_tablespace = '';

SET default_table_access_method = heap;

--
-- Name: auth_group; Type: TABLE; Schema: public; Owner: postgres
--

CREATE TABLE public.auth_group (
    id integer NOT NULL,
    name character varying(150) NOT NULL
);


ALTER TABLE public.auth_group OWNER TO postgres;

--
-- Name: auth_group_id_seq; Type: SEQUENCE; Schema: public; Owner: postgres
--

ALTER TABLE public.auth_group ALTER COLUMN id ADD GENERATED BY DEFAULT AS IDENTITY (
    SEQUENCE NAME public.auth_group_id_seq
    START WITH 1
    INCREMENT BY 1
    NO MINVALUE
    NO MAXVALUE
    CACHE 1
);


--
-- Name: auth_group_permissions; Type: TABLE; Schema: public; Owner: postgres
--

CREATE TABLE public.auth_group_permissions (
    id bigint NOT NULL,
    group_id integer NOT NULL,
    permission_id integer NOT NULL
);


ALTER TABLE public.auth_group_permissions OWNER TO postgres;

--
-- Name: auth_group_permissions_id_seq; Type: SEQUENCE; Schema: public; Owner: postgres
--

ALTER TABLE public.auth_group_permissions ALTER COLUMN id ADD GENERATED BY DEFAULT AS IDENTITY (
    SEQUENCE NAME public.auth_group_permissions_id_seq
    START WITH 1
    INCREMENT BY 1
    NO MINVALUE
    NO MAXVALUE
    CACHE 1
);


--
-- Name: auth_permission; Type: TABLE; Schema: public; Owner: postgres
--

CREATE TABLE public.auth_permission (
    id integer NOT NULL,
    name character varying(255) NOT NULL,
    content_type_id integer NOT NULL,
    codename character varying(100) NOT NULL
);


ALTER TABLE public.auth_permission OWNER TO postgres;

--
-- Name: auth_permission_id_seq; Type: SEQUENCE; Schema: public; Owner: postgres
--

ALTER TABLE public.auth_permission ALTER COLUMN id ADD GENERATED BY DEFAULT AS IDENTITY (
    SEQUENCE NAME public.auth_permission_id_seq
    START WITH 1
    INCREMENT BY 1
    NO MINVALUE
    NO MAXVALUE
    CACHE 1
);


--
-- Name: django_admin_log; Type: TABLE; Schema: public; Owner: postgres
--

CREATE TABLE public.django_admin_log (
    id integer NOT NULL,
    action_time timestamp with time zone NOT NULL,
    object_id text,
    object_repr character varying(200) NOT NULL,
    action_flag smallint NOT NULL,
    change_message text NOT NULL,
    content_type_id integer,
    user_id bigint NOT NULL,
    CONSTRAINT django_admin_log_action_flag_check CHECK ((action_flag >= 0))
);


ALTER TABLE public.django_admin_log OWNER TO postgres;

--
-- Name: django_admin_log_id_seq; Type: SEQUENCE; Schema: public; Owner: postgres
--

ALTER TABLE public.django_admin_log ALTER COLUMN id ADD GENERATED BY DEFAULT AS IDENTITY (
    SEQUENCE NAME public.django_admin_log_id_seq
    START WITH 1
    INCREMENT BY 1
    NO MINVALUE
    NO MAXVALUE
    CACHE 1
);


--
-- Name: django_content_type; Type: TABLE; Schema: public; Owner: postgres
--

CREATE TABLE public.django_content_type (
    id integer NOT NULL,
    app_label character varying(100) NOT NULL,
    model character varying(100) NOT NULL
);


ALTER TABLE public.django_content_type OWNER TO postgres;

--
-- Name: django_content_type_id_seq; Type: SEQUENCE; Schema: public; Owner: postgres
--

ALTER TABLE public.django_content_type ALTER COLUMN id ADD GENERATED BY DEFAULT AS IDENTITY (
    SEQUENCE NAME public.django_content_type_id_seq
    START WITH 1
    INCREMENT BY 1
    NO MINVALUE
    NO MAXVALUE
    CACHE 1
);


--
-- Name: django_migrations; Type: TABLE; Schema: public; Owner: postgres
--

CREATE TABLE public.django_migrations (
    id bigint NOT NULL,
    app character varying(255) NOT NULL,
    name character varying(255) NOT NULL,
    applied timestamp with time zone NOT NULL
);


ALTER TABLE public.django_migrations OWNER TO postgres;

--
-- Name: django_migrations_id_seq; Type: SEQUENCE; Schema: public; Owner: postgres
--

ALTER TABLE public.django_migrations ALTER COLUMN id ADD GENERATED BY DEFAULT AS IDENTITY (
    SEQUENCE NAME public.django_migrations_id_seq
    START WITH 1
    INCREMENT BY 1
    NO MINVALUE
    NO MAXVALUE
    CACHE 1
);


--
-- Name: django_session; Type: TABLE; Schema: public; Owner: postgres
--

CREATE TABLE public.django_session (
    session_key character varying(40) NOT NULL,
    session_data text NOT NULL,
    expire_date timestamp with time zone NOT NULL
);


ALTER TABLE public.django_session OWNER TO postgres;

--
-- Name: main_customuser; Type: TABLE; Schema: public; Owner: postgres
--

CREATE TABLE public.main_customuser (
    id bigint NOT NULL,
    password character varying(128) NOT NULL,
    last_login timestamp with time zone,
    is_superuser boolean NOT NULL,
    username character varying(150) NOT NULL,
    first_name character varying(150) NOT NULL,
    last_name character varying(150) NOT NULL,
    email character varying(254) NOT NULL,
    is_staff boolean NOT NULL,
    is_active boolean NOT NULL,
    date_joined timestamp with time zone NOT NULL,
    phone_number character varying(15) NOT NULL
);


ALTER TABLE public.main_customuser OWNER TO postgres;

--
-- Name: main_customuser_groups; Type: TABLE; Schema: public; Owner: postgres
--

CREATE TABLE public.main_customuser_groups (
    id bigint NOT NULL,
    customuser_id bigint NOT NULL,
    group_id integer NOT NULL
);


ALTER TABLE public.main_customuser_groups OWNER TO postgres;

--
-- Name: main_customuser_groups_id_seq; Type: SEQUENCE; Schema: public; Owner: postgres
--

ALTER TABLE public.main_customuser_groups ALTER COLUMN id ADD GENERATED BY DEFAULT AS IDENTITY (
    SEQUENCE NAME public.main_customuser_groups_id_seq
    START WITH 1
    INCREMENT BY 1
    NO MINVALUE
    NO MAXVALUE
    CACHE 1
);


--
-- Name: main_customuser_id_seq; Type: SEQUENCE; Schema: public; Owner: postgres
--

ALTER TABLE public.main_customuser ALTER COLUMN id ADD GENERATED BY DEFAULT AS IDENTITY (
    SEQUENCE NAME public.main_customuser_id_seq
    START WITH 1
    INCREMENT BY 1
    NO MINVALUE
    NO MAXVALUE
    CACHE 1
);


--
-- Name: main_customuser_user_permissions; Type: TABLE; Schema: public; Owner: postgres
--

CREATE TABLE public.main_customuser_user_permissions (
    id bigint NOT NULL,
    customuser_id bigint NOT NULL,
    permission_id integer NOT NULL
);


ALTER TABLE public.main_customuser_user_permissions OWNER TO postgres;

--
-- Name: main_customuser_user_permissions_id_seq; Type: SEQUENCE; Schema: public; Owner: postgres
--

ALTER TABLE public.main_customuser_user_permissions ALTER COLUMN id ADD GENERATED BY DEFAULT AS IDENTITY (
    SEQUENCE NAME public.main_customuser_user_permissions_id_seq
    START WITH 1
    INCREMENT BY 1
    NO MINVALUE
    NO MAXVALUE
    CACHE 1
);


--
-- Name: main_discount; Type: TABLE; Schema: public; Owner: postgres
--

CREATE TABLE public.main_discount (
    id bigint NOT NULL,
    code character varying(255) NOT NULL,
    discount_percentage integer NOT NULL,
    start_date date NOT NULL,
    end_date date NOT NULL,
    CONSTRAINT main_discount_discount_percentage_check CHECK ((discount_percentage >= 0))
);


ALTER TABLE public.main_discount OWNER TO postgres;

--
-- Name: main_discount_id_seq; Type: SEQUENCE; Schema: public; Owner: postgres
--

ALTER TABLE public.main_discount ALTER COLUMN id ADD GENERATED BY DEFAULT AS IDENTITY (
    SEQUENCE NAME public.main_discount_id_seq
    START WITH 1
    INCREMENT BY 1
    NO MINVALUE
    NO MAXVALUE
    CACHE 1
);


--
-- Name: main_dish; Type: TABLE; Schema: public; Owner: postgres
--

CREATE TABLE public.main_dish (
    id bigint NOT NULL,
    name character varying(255) NOT NULL,
    description text NOT NULL,
    price numeric(10,2) NOT NULL,
    category character varying(50) NOT NULL,
    image character varying(100)
);


ALTER TABLE public.main_dish OWNER TO postgres;

--
-- Name: main_dish_id_seq; Type: SEQUENCE; Schema: public; Owner: postgres
--

ALTER TABLE public.main_dish ALTER COLUMN id ADD GENERATED BY DEFAULT AS IDENTITY (
    SEQUENCE NAME public.main_dish_id_seq
    START WITH 1
    INCREMENT BY 1
    NO MINVALUE
    NO MAXVALUE
    CACHE 1
);


--
-- Name: main_employee; Type: TABLE; Schema: public; Owner: postgres
--

CREATE TABLE public.main_employee (
    id bigint NOT NULL,
    role character varying(10) NOT NULL,
    phone character varying(15) NOT NULL,
    user_id bigint NOT NULL
);


ALTER TABLE public.main_employee OWNER TO postgres;

--
-- Name: main_employee_id_seq; Type: SEQUENCE; Schema: public; Owner: postgres
--

ALTER TABLE public.main_employee ALTER COLUMN id ADD GENERATED BY DEFAULT AS IDENTITY (
    SEQUENCE NAME public.main_employee_id_seq
    START WITH 1
    INCREMENT BY 1
    NO MINVALUE
    NO MAXVALUE
    CACHE 1
);


--
-- Name: main_notification; Type: TABLE; Schema: public; Owner: postgres
--

CREATE TABLE public.main_notification (
    id bigint NOT NULL,
    message character varying(255) NOT NULL,
    created_at timestamp with time zone NOT NULL,
    is_read boolean NOT NULL,
    user_id bigint NOT NULL
);


ALTER TABLE public.main_notification OWNER TO postgres;

--
-- Name: main_notification_id_seq; Type: SEQUENCE; Schema: public; Owner: postgres
--

ALTER TABLE public.main_notification ALTER COLUMN id ADD GENERATED BY DEFAULT AS IDENTITY (
    SEQUENCE NAME public.main_notification_id_seq
    START WITH 1
    INCREMENT BY 1
    NO MINVALUE
    NO MAXVALUE
    CACHE 1
);


--
-- Name: main_order; Type: TABLE; Schema: public; Owner: postgres
--

CREATE TABLE public.main_order (
    id bigint NOT NULL,
    product character varying(255) NOT NULL,
    quantity integer NOT NULL,
    price numeric(10,2) NOT NULL,
    status character varying(50) NOT NULL,
    created_at timestamp with time zone NOT NULL,
    user_id bigint NOT NULL
);


ALTER TABLE public.main_order OWNER TO postgres;

--
-- Name: main_order_id_seq; Type: SEQUENCE; Schema: public; Owner: postgres
--

ALTER TABLE public.main_order ALTER COLUMN id ADD GENERATED BY DEFAULT AS IDENTITY (
    SEQUENCE NAME public.main_order_id_seq
    START WITH 1
    INCREMENT BY 1
    NO MINVALUE
    NO MAXVALUE
    CACHE 1
);


--
-- Name: main_reservation; Type: TABLE; Schema: public; Owner: postgres
--

CREATE TABLE public.main_reservation (
    id bigint NOT NULL,
    customer_name character varying(255) NOT NULL,
    date timestamp with time zone NOT NULL,
    number_of_people integer NOT NULL,
    duration integer NOT NULL,
    user_id bigint NOT NULL,
    CONSTRAINT main_reservation_duration_4e05836e_check CHECK ((duration >= 0)),
    CONSTRAINT main_reservation_number_of_people_49ed5147_check CHECK ((number_of_people >= 0))
);


ALTER TABLE public.main_reservation OWNER TO postgres;

--
-- Name: main_reservation_id_seq; Type: SEQUENCE; Schema: public; Owner: postgres
--

ALTER TABLE public.main_reservation ALTER COLUMN id ADD GENERATED BY DEFAULT AS IDENTITY (
    SEQUENCE NAME public.main_reservation_id_seq
    START WITH 1
    INCREMENT BY 1
    NO MINVALUE
    NO MAXVALUE
    CACHE 1
);


--
-- Name: main_review; Type: TABLE; Schema: public; Owner: postgres
--

CREATE TABLE public.main_review (
    id bigint NOT NULL,
    customer_name character varying(255) NOT NULL,
    text text NOT NULL,
    rating integer NOT NULL,
    created_at timestamp with time zone NOT NULL,
    CONSTRAINT main_review_rating_check CHECK ((rating >= 0))
);


ALTER TABLE public.main_review OWNER TO postgres;

--
-- Name: main_review_id_seq; Type: SEQUENCE; Schema: public; Owner: postgres
--

ALTER TABLE public.main_review ALTER COLUMN id ADD GENERATED BY DEFAULT AS IDENTITY (
    SEQUENCE NAME public.main_review_id_seq
    START WITH 1
    INCREMENT BY 1
    NO MINVALUE
    NO MAXVALUE
    CACHE 1
);


--
-- Data for Name: auth_group; Type: TABLE DATA; Schema: public; Owner: postgres
--

COPY public.auth_group (id, name) FROM stdin;
\.


--
-- Data for Name: auth_group_permissions; Type: TABLE DATA; Schema: public; Owner: postgres
--

COPY public.auth_group_permissions (id, group_id, permission_id) FROM stdin;
\.


--
-- Data for Name: auth_permission; Type: TABLE DATA; Schema: public; Owner: postgres
--

COPY public.auth_permission (id, name, content_type_id, codename) FROM stdin;
1	Can add log entry	1	add_logentry
2	Can change log entry	1	change_logentry
3	Can delete log entry	1	delete_logentry
4	Can view log entry	1	view_logentry
5	Can add permission	2	add_permission
6	Can change permission	2	change_permission
7	Can delete permission	2	delete_permission
8	Can view permission	2	view_permission
9	Can add group	3	add_group
10	Can change group	3	change_group
11	Can delete group	3	delete_group
12	Can view group	3	view_group
13	Can add content type	4	add_contenttype
14	Can change content type	4	change_contenttype
15	Can delete content type	4	delete_contenttype
16	Can view content type	4	view_contenttype
17	Can add session	5	add_session
18	Can change session	5	change_session
19	Can delete session	5	delete_session
20	Can view session	5	view_session
21	Can add discount	6	add_discount
22	Can change discount	6	change_discount
23	Can delete discount	6	delete_discount
24	Can view discount	6	view_discount
25	Can add dish	7	add_dish
26	Can change dish	7	change_dish
27	Can delete dish	7	delete_dish
28	Can view dish	7	view_dish
29	Can add review	8	add_review
30	Can change review	8	change_review
31	Can delete review	8	delete_review
32	Can view review	8	view_review
33	Can add user	9	add_customuser
34	Can change user	9	change_customuser
35	Can delete user	9	delete_customuser
36	Can view user	9	view_customuser
37	Can add employee	10	add_employee
38	Can change employee	10	change_employee
39	Can delete employee	10	delete_employee
40	Can view employee	10	view_employee
41	Can add notification	11	add_notification
42	Can change notification	11	change_notification
43	Can delete notification	11	delete_notification
44	Can view notification	11	view_notification
45	Can add order	12	add_order
46	Can change order	12	change_order
47	Can delete order	12	delete_order
48	Can view order	12	view_order
49	Can add reservation	13	add_reservation
50	Can change reservation	13	change_reservation
51	Can delete reservation	13	delete_reservation
52	Can view reservation	13	view_reservation
\.


--
-- Data for Name: django_admin_log; Type: TABLE DATA; Schema: public; Owner: postgres
--

COPY public.django_admin_log (id, action_time, object_id, object_repr, action_flag, change_message, content_type_id, user_id) FROM stdin;
\.


--
-- Data for Name: django_content_type; Type: TABLE DATA; Schema: public; Owner: postgres
--

COPY public.django_content_type (id, app_label, model) FROM stdin;
1	admin	logentry
2	auth	permission
3	auth	group
4	contenttypes	contenttype
5	sessions	session
6	main	discount
7	main	dish
8	main	review
9	main	customuser
10	main	employee
11	main	notification
12	main	order
13	main	reservation
\.


--
-- Data for Name: django_migrations; Type: TABLE DATA; Schema: public; Owner: postgres
--

COPY public.django_migrations (id, app, name, applied) FROM stdin;
1	contenttypes	0001_initial	2024-11-30 13:38:59.849627+03
2	contenttypes	0002_remove_content_type_name	2024-11-30 13:38:59.854687+03
3	auth	0001_initial	2024-11-30 13:38:59.904984+03
4	auth	0002_alter_permission_name_max_length	2024-11-30 13:38:59.91046+03
5	auth	0003_alter_user_email_max_length	2024-11-30 13:38:59.930738+03
6	auth	0004_alter_user_username_opts	2024-11-30 13:38:59.935489+03
7	auth	0005_alter_user_last_login_null	2024-11-30 13:38:59.939977+03
8	auth	0006_require_contenttypes_0002	2024-11-30 13:38:59.942158+03
9	auth	0007_alter_validators_add_error_messages	2024-11-30 13:38:59.946564+03
10	auth	0008_alter_user_username_max_length	2024-11-30 13:38:59.951541+03
11	auth	0009_alter_user_last_name_max_length	2024-11-30 13:38:59.956048+03
12	auth	0010_alter_group_name_max_length	2024-11-30 13:38:59.961163+03
13	auth	0011_update_proxy_permissions	2024-11-30 13:38:59.965786+03
14	auth	0012_alter_user_first_name_max_length	2024-11-30 13:38:59.970152+03
15	main	0001_initial	2024-11-30 13:39:00.102604+03
16	admin	0001_initial	2024-11-30 13:39:00.131609+03
17	admin	0002_logentry_remove_auto_add	2024-11-30 13:39:00.141596+03
18	admin	0003_logentry_add_action_flag_choices	2024-11-30 13:39:00.151041+03
19	sessions	0001_initial	2024-11-30 13:39:00.171503+03
20	main	0002_rename_phone_customuser_phone_number	2024-11-30 14:47:05.692431+03
21	main	0003_alter_customuser_phone_number	2024-11-30 14:55:09.899463+03
22	main	0004_alter_reservation_user	2024-11-30 18:40:12.197951+03
23	main	0002_alter_reservation_options_and_more	2024-11-30 19:23:18.13748+03
\.


--
-- Data for Name: django_session; Type: TABLE DATA; Schema: public; Owner: postgres
--

COPY public.django_session (session_key, session_data, expire_date) FROM stdin;
ymg59hsut70b4vc2ubpivepm0kgnles7	e30:1tHQxS:tqP4t8p52yIr76Q3S1r79s9sR7pBTdCXURiakq7JxUc	2024-12-14 20:08:38.600331+03
\.


--
-- Data for Name: main_customuser; Type: TABLE DATA; Schema: public; Owner: postgres
--

COPY public.main_customuser (id, password, last_login, is_superuser, username, first_name, last_name, email, is_staff, is_active, date_joined, phone_number) FROM stdin;
1	pbkdf2_sha256$870000$O4bfStNVPK2oi6MZMfQo3i$sp3lPbJNqHYzhyPsxpA8KzHOxggE3veUNzc2Eiec5K8=	2024-11-30 13:45:31.74462+03	t	admin				t	t	2024-11-30 13:45:19.36479+03	1
2	pbkdf2_sha256$870000$E2LRPMfj0iSD1fnbSmErpn$m34R9gGeIgo1oysysgbAImcla2Lo8pP+N1k0M4c1/JM=	2024-11-30 19:47:42.347715+03	f	user	sergey	mclovin		f	t	2024-11-30 14:55:34.601775+03	+70000000000
3	pbkdf2_sha256$870000$lqnQWsnqKTV8a6fy65rKv9$Ii2mF7hT2h2p+pK+wY2PPQ3NLqhkXjruHd8RZTsKDjk=	2024-11-30 19:57:40.848448+03	f	pis	asdf	asdff		f	t	2024-11-30 15:08:51.461431+03	+70000000001
4	pbkdf2_sha256$870000$6KaSpAz8AroyJmxgDY87CI$Rm9/N3Pg6Z43wmiymGK+Cck+Ne8jf4hlkjm/UVmGlxE=	\N	f	psyss	sssssss	eeeeeeee		f	t	2024-11-30 20:00:25.753562+03	+79520643017
5	pbkdf2_sha256$870000$ikbAS7D3PlAKlLXOmmi4CH$ogH6ToK1mk6yvrbz60X9WdHmiaLu2BbKl3rVMkKjj9c=	\N	f	asdfsadfasdfasdf	sergeyн	фывафыва		f	t	2024-11-30 20:06:41.422154+03	+79520643018
6	pbkdf2_sha256$870000$qNEWdnN8wJBlV2SL1Nuw5U$3odUa5LBGtMhXVkE9zMZFvdv0BZV+UHBm25GCnfH8as=	\N	f	user111	фывафвыаыфва	фывафывафываыфв		f	t	2024-11-30 20:08:38.360166+03	+70000000011
\.


--
-- Data for Name: main_customuser_groups; Type: TABLE DATA; Schema: public; Owner: postgres
--

COPY public.main_customuser_groups (id, customuser_id, group_id) FROM stdin;
\.


--
-- Data for Name: main_customuser_user_permissions; Type: TABLE DATA; Schema: public; Owner: postgres
--

COPY public.main_customuser_user_permissions (id, customuser_id, permission_id) FROM stdin;
\.


--
-- Data for Name: main_discount; Type: TABLE DATA; Schema: public; Owner: postgres
--

COPY public.main_discount (id, code, discount_percentage, start_date, end_date) FROM stdin;
\.


--
-- Data for Name: main_dish; Type: TABLE DATA; Schema: public; Owner: postgres
--

COPY public.main_dish (id, name, description, price, category, image) FROM stdin;
\.


--
-- Data for Name: main_employee; Type: TABLE DATA; Schema: public; Owner: postgres
--

COPY public.main_employee (id, role, phone, user_id) FROM stdin;
\.


--
-- Data for Name: main_notification; Type: TABLE DATA; Schema: public; Owner: postgres
--

COPY public.main_notification (id, message, created_at, is_read, user_id) FROM stdin;
\.


--
-- Data for Name: main_order; Type: TABLE DATA; Schema: public; Owner: postgres
--

COPY public.main_order (id, product, quantity, price, status, created_at, user_id) FROM stdin;
\.


--
-- Data for Name: main_reservation; Type: TABLE DATA; Schema: public; Owner: postgres
--

COPY public.main_reservation (id, customer_name, date, number_of_people, duration, user_id) FROM stdin;
1	АДмин	2024-11-30 17:56:00+03	2	1	2
2	АДмин	2024-11-30 17:56:00+03	2	1	2
3	АДмин	2024-11-30 18:09:00+03	2	1	3
5	АДмин	2024-11-30 22:23:00+03	2	3	2
6	АДмин	2024-11-30 22:23:00+03	2	3	2
7	Заебала эта резервация	2024-11-30 22:24:00+03	3	3	2
8	Заебала эта резервация1	2024-11-30 22:28:00+03	2	1	2
9	Заебала эта резервация2	2024-11-30 22:30:00+03	3	1	2
10	Заебала эта резервация2	2024-11-30 22:30:00+03	3	1	2
11	Заебала эта резервация4	2024-11-30 22:31:00+03	10	10	2
12	Заебала эта резервация4	2024-11-30 22:31:00+03	10	10	2
13	АДминваыфаыфв3333333	2024-11-30 22:34:00+03	2	1	2
14	АДминваыфаыфв3333333	2024-11-30 22:34:00+03	2	1	2
15	АДмин	2024-11-30 22:38:00+03	3	3	2
16	АДмин	2024-11-30 22:38:00+03	3	3	2
17	АДмин	2024-11-30 22:41:00+03	2	1	2
18	АДмин	2024-11-30 22:41:00+03	2	1	2
19	АДмин	2024-11-30 22:41:00+03	2	1	2
20	АДмин	2024-11-30 22:41:00+03	2	1	2
21	Заебала эта резервация2131231	2024-11-30 22:43:00+03	3	3	2
22	Заебала эта резервация2131231	2024-11-30 22:43:00+03	3	3	2
23	Заебала эта резервация2131231	2024-11-30 22:43:00+03	3	3	2
24	Заебала эта резервация2131231	2024-11-30 22:43:00+03	3	3	2
25	Заебала эта резервация2131231	2024-11-30 22:43:00+03	3	3	2
26	Заебала эта резервация2131231	2024-11-30 22:43:00+03	3	3	2
27	Заебала эта резервация2131231	2024-11-30 22:43:00+03	3	3	2
28	АДмин	2024-11-30 22:46:00+03	2	1	2
29	Падлик	2024-11-30 22:47:00+03	3	1	2
30	Падлик	2024-11-30 22:47:00+03	3	1	2
31	АДмин	2024-11-30 22:48:00+03	3	3	2
32	АДмин	2024-11-30 22:48:00+03	3	3	2
33	АДмин	2024-11-30 22:48:00+03	3	11	2
34	АДмин	2024-11-30 22:48:00+03	3	11	2
35	АДмин	2024-11-30 22:48:00+03	3	11	2
36	АДмин	2024-11-30 22:48:00+03	2	1	2
37	АДмин	2024-11-30 22:48:00+03	2	1	2
38	АДмин	2024-11-30 22:49:00+03	2	1	2
39	АДмин	2024-11-30 22:49:00+03	2	1	2
40	АДмин	2024-11-30 22:50:00+03	2	11	2
\.


--
-- Data for Name: main_review; Type: TABLE DATA; Schema: public; Owner: postgres
--

COPY public.main_review (id, customer_name, text, rating, created_at) FROM stdin;
\.


--
-- Name: auth_group_id_seq; Type: SEQUENCE SET; Schema: public; Owner: postgres
--

SELECT pg_catalog.setval('public.auth_group_id_seq', 1, false);


--
-- Name: auth_group_permissions_id_seq; Type: SEQUENCE SET; Schema: public; Owner: postgres
--

SELECT pg_catalog.setval('public.auth_group_permissions_id_seq', 1, false);


--
-- Name: auth_permission_id_seq; Type: SEQUENCE SET; Schema: public; Owner: postgres
--

SELECT pg_catalog.setval('public.auth_permission_id_seq', 52, true);


--
-- Name: django_admin_log_id_seq; Type: SEQUENCE SET; Schema: public; Owner: postgres
--

SELECT pg_catalog.setval('public.django_admin_log_id_seq', 1, false);


--
-- Name: django_content_type_id_seq; Type: SEQUENCE SET; Schema: public; Owner: postgres
--

SELECT pg_catalog.setval('public.django_content_type_id_seq', 13, true);


--
-- Name: django_migrations_id_seq; Type: SEQUENCE SET; Schema: public; Owner: postgres
--

SELECT pg_catalog.setval('public.django_migrations_id_seq', 23, true);


--
-- Name: main_customuser_groups_id_seq; Type: SEQUENCE SET; Schema: public; Owner: postgres
--

SELECT pg_catalog.setval('public.main_customuser_groups_id_seq', 1, false);


--
-- Name: main_customuser_id_seq; Type: SEQUENCE SET; Schema: public; Owner: postgres
--

SELECT pg_catalog.setval('public.main_customuser_id_seq', 6, true);


--
-- Name: main_customuser_user_permissions_id_seq; Type: SEQUENCE SET; Schema: public; Owner: postgres
--

SELECT pg_catalog.setval('public.main_customuser_user_permissions_id_seq', 1, false);


--
-- Name: main_discount_id_seq; Type: SEQUENCE SET; Schema: public; Owner: postgres
--

SELECT pg_catalog.setval('public.main_discount_id_seq', 1, false);


--
-- Name: main_dish_id_seq; Type: SEQUENCE SET; Schema: public; Owner: postgres
--

SELECT pg_catalog.setval('public.main_dish_id_seq', 1, false);


--
-- Name: main_employee_id_seq; Type: SEQUENCE SET; Schema: public; Owner: postgres
--

SELECT pg_catalog.setval('public.main_employee_id_seq', 1, false);


--
-- Name: main_notification_id_seq; Type: SEQUENCE SET; Schema: public; Owner: postgres
--

SELECT pg_catalog.setval('public.main_notification_id_seq', 1, false);


--
-- Name: main_order_id_seq; Type: SEQUENCE SET; Schema: public; Owner: postgres
--

SELECT pg_catalog.setval('public.main_order_id_seq', 1, false);


--
-- Name: main_reservation_id_seq; Type: SEQUENCE SET; Schema: public; Owner: postgres
--

SELECT pg_catalog.setval('public.main_reservation_id_seq', 40, true);


--
-- Name: main_review_id_seq; Type: SEQUENCE SET; Schema: public; Owner: postgres
--

SELECT pg_catalog.setval('public.main_review_id_seq', 1, false);


--
-- Name: auth_group auth_group_name_key; Type: CONSTRAINT; Schema: public; Owner: postgres
--

ALTER TABLE ONLY public.auth_group
    ADD CONSTRAINT auth_group_name_key UNIQUE (name);


--
-- Name: auth_group_permissions auth_group_permissions_group_id_permission_id_0cd325b0_uniq; Type: CONSTRAINT; Schema: public; Owner: postgres
--

ALTER TABLE ONLY public.auth_group_permissions
    ADD CONSTRAINT auth_group_permissions_group_id_permission_id_0cd325b0_uniq UNIQUE (group_id, permission_id);


--
-- Name: auth_group_permissions auth_group_permissions_pkey; Type: CONSTRAINT; Schema: public; Owner: postgres
--

ALTER TABLE ONLY public.auth_group_permissions
    ADD CONSTRAINT auth_group_permissions_pkey PRIMARY KEY (id);


--
-- Name: auth_group auth_group_pkey; Type: CONSTRAINT; Schema: public; Owner: postgres
--

ALTER TABLE ONLY public.auth_group
    ADD CONSTRAINT auth_group_pkey PRIMARY KEY (id);


--
-- Name: auth_permission auth_permission_content_type_id_codename_01ab375a_uniq; Type: CONSTRAINT; Schema: public; Owner: postgres
--

ALTER TABLE ONLY public.auth_permission
    ADD CONSTRAINT auth_permission_content_type_id_codename_01ab375a_uniq UNIQUE (content_type_id, codename);


--
-- Name: auth_permission auth_permission_pkey; Type: CONSTRAINT; Schema: public; Owner: postgres
--

ALTER TABLE ONLY public.auth_permission
    ADD CONSTRAINT auth_permission_pkey PRIMARY KEY (id);


--
-- Name: django_admin_log django_admin_log_pkey; Type: CONSTRAINT; Schema: public; Owner: postgres
--

ALTER TABLE ONLY public.django_admin_log
    ADD CONSTRAINT django_admin_log_pkey PRIMARY KEY (id);


--
-- Name: django_content_type django_content_type_app_label_model_76bd3d3b_uniq; Type: CONSTRAINT; Schema: public; Owner: postgres
--

ALTER TABLE ONLY public.django_content_type
    ADD CONSTRAINT django_content_type_app_label_model_76bd3d3b_uniq UNIQUE (app_label, model);


--
-- Name: django_content_type django_content_type_pkey; Type: CONSTRAINT; Schema: public; Owner: postgres
--

ALTER TABLE ONLY public.django_content_type
    ADD CONSTRAINT django_content_type_pkey PRIMARY KEY (id);


--
-- Name: django_migrations django_migrations_pkey; Type: CONSTRAINT; Schema: public; Owner: postgres
--

ALTER TABLE ONLY public.django_migrations
    ADD CONSTRAINT django_migrations_pkey PRIMARY KEY (id);


--
-- Name: django_session django_session_pkey; Type: CONSTRAINT; Schema: public; Owner: postgres
--

ALTER TABLE ONLY public.django_session
    ADD CONSTRAINT django_session_pkey PRIMARY KEY (session_key);


--
-- Name: main_customuser_groups main_customuser_groups_customuser_id_group_id_8a5023dd_uniq; Type: CONSTRAINT; Schema: public; Owner: postgres
--

ALTER TABLE ONLY public.main_customuser_groups
    ADD CONSTRAINT main_customuser_groups_customuser_id_group_id_8a5023dd_uniq UNIQUE (customuser_id, group_id);


--
-- Name: main_customuser_groups main_customuser_groups_pkey; Type: CONSTRAINT; Schema: public; Owner: postgres
--

ALTER TABLE ONLY public.main_customuser_groups
    ADD CONSTRAINT main_customuser_groups_pkey PRIMARY KEY (id);


--
-- Name: main_customuser main_customuser_phone_number_a7a6bc9a_uniq; Type: CONSTRAINT; Schema: public; Owner: postgres
--

ALTER TABLE ONLY public.main_customuser
    ADD CONSTRAINT main_customuser_phone_number_a7a6bc9a_uniq UNIQUE (phone_number);


--
-- Name: main_customuser main_customuser_pkey; Type: CONSTRAINT; Schema: public; Owner: postgres
--

ALTER TABLE ONLY public.main_customuser
    ADD CONSTRAINT main_customuser_pkey PRIMARY KEY (id);


--
-- Name: main_customuser_user_permissions main_customuser_user_per_customuser_id_permission_06a652d8_uniq; Type: CONSTRAINT; Schema: public; Owner: postgres
--

ALTER TABLE ONLY public.main_customuser_user_permissions
    ADD CONSTRAINT main_customuser_user_per_customuser_id_permission_06a652d8_uniq UNIQUE (customuser_id, permission_id);


--
-- Name: main_customuser_user_permissions main_customuser_user_permissions_pkey; Type: CONSTRAINT; Schema: public; Owner: postgres
--

ALTER TABLE ONLY public.main_customuser_user_permissions
    ADD CONSTRAINT main_customuser_user_permissions_pkey PRIMARY KEY (id);


--
-- Name: main_customuser main_customuser_username_key; Type: CONSTRAINT; Schema: public; Owner: postgres
--

ALTER TABLE ONLY public.main_customuser
    ADD CONSTRAINT main_customuser_username_key UNIQUE (username);


--
-- Name: main_discount main_discount_pkey; Type: CONSTRAINT; Schema: public; Owner: postgres
--

ALTER TABLE ONLY public.main_discount
    ADD CONSTRAINT main_discount_pkey PRIMARY KEY (id);


--
-- Name: main_dish main_dish_pkey; Type: CONSTRAINT; Schema: public; Owner: postgres
--

ALTER TABLE ONLY public.main_dish
    ADD CONSTRAINT main_dish_pkey PRIMARY KEY (id);


--
-- Name: main_employee main_employee_pkey; Type: CONSTRAINT; Schema: public; Owner: postgres
--

ALTER TABLE ONLY public.main_employee
    ADD CONSTRAINT main_employee_pkey PRIMARY KEY (id);


--
-- Name: main_employee main_employee_user_id_key; Type: CONSTRAINT; Schema: public; Owner: postgres
--

ALTER TABLE ONLY public.main_employee
    ADD CONSTRAINT main_employee_user_id_key UNIQUE (user_id);


--
-- Name: main_notification main_notification_pkey; Type: CONSTRAINT; Schema: public; Owner: postgres
--

ALTER TABLE ONLY public.main_notification
    ADD CONSTRAINT main_notification_pkey PRIMARY KEY (id);


--
-- Name: main_order main_order_pkey; Type: CONSTRAINT; Schema: public; Owner: postgres
--

ALTER TABLE ONLY public.main_order
    ADD CONSTRAINT main_order_pkey PRIMARY KEY (id);


--
-- Name: main_reservation main_reservation_pkey; Type: CONSTRAINT; Schema: public; Owner: postgres
--

ALTER TABLE ONLY public.main_reservation
    ADD CONSTRAINT main_reservation_pkey PRIMARY KEY (id);


--
-- Name: main_review main_review_pkey; Type: CONSTRAINT; Schema: public; Owner: postgres
--

ALTER TABLE ONLY public.main_review
    ADD CONSTRAINT main_review_pkey PRIMARY KEY (id);


--
-- Name: auth_group_name_a6ea08ec_like; Type: INDEX; Schema: public; Owner: postgres
--

CREATE INDEX auth_group_name_a6ea08ec_like ON public.auth_group USING btree (name varchar_pattern_ops);


--
-- Name: auth_group_permissions_group_id_b120cbf9; Type: INDEX; Schema: public; Owner: postgres
--

CREATE INDEX auth_group_permissions_group_id_b120cbf9 ON public.auth_group_permissions USING btree (group_id);


--
-- Name: auth_group_permissions_permission_id_84c5c92e; Type: INDEX; Schema: public; Owner: postgres
--

CREATE INDEX auth_group_permissions_permission_id_84c5c92e ON public.auth_group_permissions USING btree (permission_id);


--
-- Name: auth_permission_content_type_id_2f476e4b; Type: INDEX; Schema: public; Owner: postgres
--

CREATE INDEX auth_permission_content_type_id_2f476e4b ON public.auth_permission USING btree (content_type_id);


--
-- Name: django_admin_log_content_type_id_c4bce8eb; Type: INDEX; Schema: public; Owner: postgres
--

CREATE INDEX django_admin_log_content_type_id_c4bce8eb ON public.django_admin_log USING btree (content_type_id);


--
-- Name: django_admin_log_user_id_c564eba6; Type: INDEX; Schema: public; Owner: postgres
--

CREATE INDEX django_admin_log_user_id_c564eba6 ON public.django_admin_log USING btree (user_id);


--
-- Name: django_session_expire_date_a5c62663; Type: INDEX; Schema: public; Owner: postgres
--

CREATE INDEX django_session_expire_date_a5c62663 ON public.django_session USING btree (expire_date);


--
-- Name: django_session_session_key_c0390e0f_like; Type: INDEX; Schema: public; Owner: postgres
--

CREATE INDEX django_session_session_key_c0390e0f_like ON public.django_session USING btree (session_key varchar_pattern_ops);


--
-- Name: main_customuser_groups_customuser_id_13869e25; Type: INDEX; Schema: public; Owner: postgres
--

CREATE INDEX main_customuser_groups_customuser_id_13869e25 ON public.main_customuser_groups USING btree (customuser_id);


--
-- Name: main_customuser_groups_group_id_8149f607; Type: INDEX; Schema: public; Owner: postgres
--

CREATE INDEX main_customuser_groups_group_id_8149f607 ON public.main_customuser_groups USING btree (group_id);


--
-- Name: main_customuser_phone_number_a7a6bc9a_like; Type: INDEX; Schema: public; Owner: postgres
--

CREATE INDEX main_customuser_phone_number_a7a6bc9a_like ON public.main_customuser USING btree (phone_number varchar_pattern_ops);


--
-- Name: main_customuser_user_permissions_customuser_id_34d37f86; Type: INDEX; Schema: public; Owner: postgres
--

CREATE INDEX main_customuser_user_permissions_customuser_id_34d37f86 ON public.main_customuser_user_permissions USING btree (customuser_id);


--
-- Name: main_customuser_user_permissions_permission_id_38e6f657; Type: INDEX; Schema: public; Owner: postgres
--

CREATE INDEX main_customuser_user_permissions_permission_id_38e6f657 ON public.main_customuser_user_permissions USING btree (permission_id);


--
-- Name: main_customuser_username_5ce75d5c_like; Type: INDEX; Schema: public; Owner: postgres
--

CREATE INDEX main_customuser_username_5ce75d5c_like ON public.main_customuser USING btree (username varchar_pattern_ops);


--
-- Name: main_notification_user_id_8efbf76d; Type: INDEX; Schema: public; Owner: postgres
--

CREATE INDEX main_notification_user_id_8efbf76d ON public.main_notification USING btree (user_id);


--
-- Name: main_order_user_id_f3a58861; Type: INDEX; Schema: public; Owner: postgres
--

CREATE INDEX main_order_user_id_f3a58861 ON public.main_order USING btree (user_id);


--
-- Name: main_reservation_user_id_968659fe; Type: INDEX; Schema: public; Owner: postgres
--

CREATE INDEX main_reservation_user_id_968659fe ON public.main_reservation USING btree (user_id);


--
-- Name: auth_group_permissions auth_group_permissio_permission_id_84c5c92e_fk_auth_perm; Type: FK CONSTRAINT; Schema: public; Owner: postgres
--

ALTER TABLE ONLY public.auth_group_permissions
    ADD CONSTRAINT auth_group_permissio_permission_id_84c5c92e_fk_auth_perm FOREIGN KEY (permission_id) REFERENCES public.auth_permission(id) DEFERRABLE INITIALLY DEFERRED;


--
-- Name: auth_group_permissions auth_group_permissions_group_id_b120cbf9_fk_auth_group_id; Type: FK CONSTRAINT; Schema: public; Owner: postgres
--

ALTER TABLE ONLY public.auth_group_permissions
    ADD CONSTRAINT auth_group_permissions_group_id_b120cbf9_fk_auth_group_id FOREIGN KEY (group_id) REFERENCES public.auth_group(id) DEFERRABLE INITIALLY DEFERRED;


--
-- Name: auth_permission auth_permission_content_type_id_2f476e4b_fk_django_co; Type: FK CONSTRAINT; Schema: public; Owner: postgres
--

ALTER TABLE ONLY public.auth_permission
    ADD CONSTRAINT auth_permission_content_type_id_2f476e4b_fk_django_co FOREIGN KEY (content_type_id) REFERENCES public.django_content_type(id) DEFERRABLE INITIALLY DEFERRED;


--
-- Name: django_admin_log django_admin_log_content_type_id_c4bce8eb_fk_django_co; Type: FK CONSTRAINT; Schema: public; Owner: postgres
--

ALTER TABLE ONLY public.django_admin_log
    ADD CONSTRAINT django_admin_log_content_type_id_c4bce8eb_fk_django_co FOREIGN KEY (content_type_id) REFERENCES public.django_content_type(id) DEFERRABLE INITIALLY DEFERRED;


--
-- Name: django_admin_log django_admin_log_user_id_c564eba6_fk_main_customuser_id; Type: FK CONSTRAINT; Schema: public; Owner: postgres
--

ALTER TABLE ONLY public.django_admin_log
    ADD CONSTRAINT django_admin_log_user_id_c564eba6_fk_main_customuser_id FOREIGN KEY (user_id) REFERENCES public.main_customuser(id) DEFERRABLE INITIALLY DEFERRED;


--
-- Name: main_customuser_groups main_customuser_grou_customuser_id_13869e25_fk_main_cust; Type: FK CONSTRAINT; Schema: public; Owner: postgres
--

ALTER TABLE ONLY public.main_customuser_groups
    ADD CONSTRAINT main_customuser_grou_customuser_id_13869e25_fk_main_cust FOREIGN KEY (customuser_id) REFERENCES public.main_customuser(id) DEFERRABLE INITIALLY DEFERRED;


--
-- Name: main_customuser_groups main_customuser_groups_group_id_8149f607_fk_auth_group_id; Type: FK CONSTRAINT; Schema: public; Owner: postgres
--

ALTER TABLE ONLY public.main_customuser_groups
    ADD CONSTRAINT main_customuser_groups_group_id_8149f607_fk_auth_group_id FOREIGN KEY (group_id) REFERENCES public.auth_group(id) DEFERRABLE INITIALLY DEFERRED;


--
-- Name: main_customuser_user_permissions main_customuser_user_customuser_id_34d37f86_fk_main_cust; Type: FK CONSTRAINT; Schema: public; Owner: postgres
--

ALTER TABLE ONLY public.main_customuser_user_permissions
    ADD CONSTRAINT main_customuser_user_customuser_id_34d37f86_fk_main_cust FOREIGN KEY (customuser_id) REFERENCES public.main_customuser(id) DEFERRABLE INITIALLY DEFERRED;


--
-- Name: main_customuser_user_permissions main_customuser_user_permission_id_38e6f657_fk_auth_perm; Type: FK CONSTRAINT; Schema: public; Owner: postgres
--

ALTER TABLE ONLY public.main_customuser_user_permissions
    ADD CONSTRAINT main_customuser_user_permission_id_38e6f657_fk_auth_perm FOREIGN KEY (permission_id) REFERENCES public.auth_permission(id) DEFERRABLE INITIALLY DEFERRED;


--
-- Name: main_employee main_employee_user_id_f9d0a956_fk_main_customuser_id; Type: FK CONSTRAINT; Schema: public; Owner: postgres
--

ALTER TABLE ONLY public.main_employee
    ADD CONSTRAINT main_employee_user_id_f9d0a956_fk_main_customuser_id FOREIGN KEY (user_id) REFERENCES public.main_customuser(id) DEFERRABLE INITIALLY DEFERRED;


--
-- Name: main_notification main_notification_user_id_8efbf76d_fk_main_customuser_id; Type: FK CONSTRAINT; Schema: public; Owner: postgres
--

ALTER TABLE ONLY public.main_notification
    ADD CONSTRAINT main_notification_user_id_8efbf76d_fk_main_customuser_id FOREIGN KEY (user_id) REFERENCES public.main_customuser(id) DEFERRABLE INITIALLY DEFERRED;


--
-- Name: main_order main_order_user_id_f3a58861_fk_main_customuser_id; Type: FK CONSTRAINT; Schema: public; Owner: postgres
--

ALTER TABLE ONLY public.main_order
    ADD CONSTRAINT main_order_user_id_f3a58861_fk_main_customuser_id FOREIGN KEY (user_id) REFERENCES public.main_customuser(id) DEFERRABLE INITIALLY DEFERRED;


--
-- Name: main_reservation main_reservation_user_id_968659fe_fk_main_customuser_id; Type: FK CONSTRAINT; Schema: public; Owner: postgres
--

ALTER TABLE ONLY public.main_reservation
    ADD CONSTRAINT main_reservation_user_id_968659fe_fk_main_customuser_id FOREIGN KEY (user_id) REFERENCES public.main_customuser(id) DEFERRABLE INITIALLY DEFERRED;


--
-- PostgreSQL database dump complete
--

